INSERT INTO users(id,username,human_name,country,date_of_birth,role,password) VALUES (1,'admin','Adminisztr‡tor','Tuvalu','1952-01-16','ROLE_ADMIN','$2a$10$KzjHavOxl1fjxXJDb22Q1OZsCNcW.f07lSyJsgjLck34ugGNRwoBO');
INSERT INTO users(id,username,human_name,country,date_of_birth,role,password) VALUES (2,'l_tate','Lyndsey Tate','Vietnam','1956-03-03','ROLE_OFFICIAL','$2a$10$KzjHavOxl1fjxXJDb22Q1OZsCNcW.f07lSyJsgjLck34ugGNRwoBO');
INSERT INTO users(id,username,human_name,country,date_of_birth,role,password) VALUES (3,'a_tran','Aamir Tran','Indonesia','1962-06-01','ROLE_OFFICIAL','$2a$10$KzjHavOxl1fjxXJDb22Q1OZsCNcW.f07lSyJsgjLck34ugGNRwoBO');
INSERT INTO users(id,username,human_name,country,date_of_birth,role,password) VALUES (4,'a_clemons','Amani Clemons','Monaco','1963-03-19','ROLE_OFFICIAL','$2a$10$KzjHavOxl1fjxXJDb22Q1OZsCNcW.f07lSyJsgjLck34ugGNRwoBO');
INSERT INTO users(id,username,human_name,country,date_of_birth,role,password) VALUES (5,'am_dodson','Anne-Marie Dodson','Czech Republic','1963-10-27','ROLE_OFFICIAL','$2a$10$KzjHavOxl1fjxXJDb22Q1OZsCNcW.f07lSyJsgjLck34ugGNRwoBO');
INSERT INTO users(id,username,human_name,country,date_of_birth,role,password) VALUES (6,'m_power','Mikhail Power','Western Sahara','1965-04-09','ROLE_OFFICIAL','$2a$10$KzjHavOxl1fjxXJDb22Q1OZsCNcW.f07lSyJsgjLck34ugGNRwoBO');
INSERT INTO users(id,username,human_name,country,date_of_birth,role,password) VALUES (7,'t_obrien','Tudor Obrien','Costa Rica','1967-05-14','ROLE_PLAYER','$2a$10$KzjHavOxl1fjxXJDb22Q1OZsCNcW.f07lSyJsgjLck34ugGNRwoBO');
INSERT INTO users(id,username,human_name,country,date_of_birth,role,password) VALUES (8,'s_mcdonnell','Sadiyah Mcdonnell','Dominica','1974-01-12','ROLE_PLAYER','$2a$10$KzjHavOxl1fjxXJDb22Q1OZsCNcW.f07lSyJsgjLck34ugGNRwoBO');
INSERT INTO users(id,username,human_name,country,date_of_birth,role,password) VALUES (9,'g_mosely','Gracey Mosley','Comoros','1977-03-21','ROLE_PLAYER','$2a$10$KzjHavOxl1fjxXJDb22Q1OZsCNcW.f07lSyJsgjLck34ugGNRwoBO');
INSERT INTO users(id,username,human_name,country,date_of_birth,role,password) VALUES (10,'r_blackmore','Ranveer Blackmore','Tokelau','1978-05-30','ROLE_PLAYER','$2a$10$KzjHavOxl1fjxXJDb22Q1OZsCNcW.f07lSyJsgjLck34ugGNRwoBO');
INSERT INTO users(id,username,human_name,country,date_of_birth,role,password) VALUES (11,'eg_callaghan','Ella-Grace Callaghan','Belize','1978-08-02','ROLE_PLAYER','$2a$10$KzjHavOxl1fjxXJDb22Q1OZsCNcW.f07lSyJsgjLck34ugGNRwoBO');
INSERT INTO users(id,username,human_name,country,date_of_birth,role,password) VALUES (12,'b_monaghan','Belinda Monaghan','Portugal','1979-06-25','ROLE_PLAYER','$2a$10$KzjHavOxl1fjxXJDb22Q1OZsCNcW.f07lSyJsgjLck34ugGNRwoBO');
INSERT INTO users(id,username,human_name,country,date_of_birth,role,password) VALUES (13,'a_stevenson','Ailsa Stevenson','Marshall Islands','1983-09-11','ROLE_PLAYER','$2a$10$KzjHavOxl1fjxXJDb22Q1OZsCNcW.f07lSyJsgjLck34ugGNRwoBO');
INSERT INTO users(id,username,human_name,country,date_of_birth,role,password) VALUES (14,'t_best','Thiago Best','Jamaica','1991-03-20','ROLE_PLAYER','$2a$10$KzjHavOxl1fjxXJDb22Q1OZsCNcW.f07lSyJsgjLck34ugGNRwoBO');
INSERT INTO users(id,username,human_name,country,date_of_birth,role,password) VALUES (15,'c_li','Christiana Li','Azerbaijan','2000-07-21','ROLE_PLAYER','$2a$10$KzjHavOxl1fjxXJDb22Q1OZsCNcW.f07lSyJsgjLck34ugGNRwoBO');
INSERT INTO users(id,username,human_name,country,date_of_birth,role,password) VALUES (16,'k_bradford','Kealan Bradford','USA','1967-05-20','ROLE_PLAYER','$2a$10$KzjHavOxl1fjxXJDb22Q1OZsCNcW.f07lSyJsgjLck34ugGNRwoBO');

INSERT INTO competitions (id, name, country, start_date, end_date) VALUES (1, 'All Stars', 'USA', '2018-01-15', '2018-01-24');
INSERT INTO competitions (id, name, country, start_date, end_date) VALUES (2, 'Masters', 'France', '2018-03-07', '2018-03-12');
INSERT INTO competitions (id, name, country, start_date, end_date) VALUES (3, 'Champions', 'Germany', '2018-04-30', '2018-05-05');
INSERT INTO competitions (id, name, country, start_date, end_date) VALUES (4, 'Kings Trial', 'Bulgaria', '2018-07-21', '2018-08-01');
INSERT INTO competitions (id, name, country, start_date, end_date) VALUES (5, '901 Frenzy', 'Australia', '2018-09-28', '2018-10-06');

INSERT INTO competitions_officials (competition_id, official_id) VALUES (1, 2);
INSERT INTO competitions_officials (competition_id, official_id) VALUES (1, 3);
INSERT INTO competitions_officials (competition_id, official_id) VALUES (2, 4);
INSERT INTO competitions_officials (competition_id, official_id) VALUES (2, 5);
INSERT INTO competitions_officials (competition_id, official_id) VALUES (3, 6);
INSERT INTO competitions_officials (competition_id, official_id) VALUES (3, 2);
INSERT INTO competitions_officials (competition_id, official_id) VALUES (3, 3);
INSERT INTO competitions_officials (competition_id, official_id) VALUES (4, 6);
INSERT INTO competitions_officials (competition_id, official_id) VALUES (5, 2);
INSERT INTO competitions_officials (competition_id, official_id) VALUES (5, 4);
INSERT INTO competitions_officials (competition_id, official_id) VALUES (5, 6);

INSERT INTO matches(id,competition_id,player_one_id,player_two_id,player_one_score,player_two_score) VALUES (1,3,13,7,2,3);
INSERT INTO matches(id,competition_id,player_one_id,player_two_id,player_one_score,player_two_score) VALUES (2,5,13,9,4,5);
INSERT INTO matches(id,competition_id,player_one_id,player_two_id,player_one_score,player_two_score) VALUES (3,1,7,14,1,5);
INSERT INTO matches(id,competition_id,player_one_id,player_two_id,player_one_score,player_two_score) VALUES (4,2,8,10,3,1);
INSERT INTO matches(id,competition_id,player_one_id,player_two_id,player_one_score,player_two_score) VALUES (5,3,11,10,3,5);
INSERT INTO matches(id,competition_id,player_one_id,player_two_id,player_one_score,player_two_score) VALUES (6,4,11,16,4,2);
INSERT INTO matches(id,competition_id,player_one_id,player_two_id,player_one_score,player_two_score) VALUES (7,1,10,13,3,5);
INSERT INTO matches(id,competition_id,player_one_id,player_two_id,player_one_score,player_two_score) VALUES (8,2,11,16,0,3);
INSERT INTO matches(id,competition_id,player_one_id,player_two_id,player_one_score,player_two_score) VALUES (9,2,11,12,0,4);
INSERT INTO matches(id,competition_id,player_one_id,player_two_id,player_one_score,player_two_score) VALUES (10,5,11,16,5,1);
INSERT INTO matches(id,competition_id,player_one_id,player_two_id,player_one_score,player_two_score) VALUES (11,5,10,14,2,4);
INSERT INTO matches(id,competition_id,player_one_id,player_two_id,player_one_score,player_two_score) VALUES (12,1,15,13,4,1);
INSERT INTO matches(id,competition_id,player_one_id,player_two_id,player_one_score,player_two_score) VALUES (13,2,9,10,5,0);
INSERT INTO matches(id,competition_id,player_one_id,player_two_id,player_one_score,player_two_score) VALUES (14,3,13,14,2,0);
INSERT INTO matches(id,competition_id,player_one_id,player_two_id,player_one_score,player_two_score) VALUES (15,2,9,7,5,4);
INSERT INTO matches(id,competition_id,player_one_id,player_two_id,player_one_score,player_two_score) VALUES (16,3,9,13,2,1);
INSERT INTO matches(id,competition_id,player_one_id,player_two_id,player_one_score,player_two_score) VALUES (17,4,11,8,0,1);
INSERT INTO matches(id,competition_id,player_one_id,player_two_id,player_one_score,player_two_score) VALUES (18,1,15,14,5,4);
INSERT INTO matches(id,competition_id,player_one_id,player_two_id,player_one_score,player_two_score) VALUES (19,1,16,13,3,2);
INSERT INTO matches(id,competition_id,player_one_id,player_two_id,player_one_score,player_two_score) VALUES (20,5,7,12,1,5);
INSERT INTO matches(id,competition_id,player_one_id,player_two_id,player_one_score,player_two_score) VALUES (21,2,13,7,5,2);
INSERT INTO matches(id,competition_id,player_one_id,player_two_id,player_one_score,player_two_score) VALUES (22,1,15,16,3,4);
INSERT INTO matches(id,competition_id,player_one_id,player_two_id,player_one_score,player_two_score) VALUES (23,2,16,15,3,2);
INSERT INTO matches(id,competition_id,player_one_id,player_two_id,player_one_score,player_two_score) VALUES (24,2,15,12,3,4);
INSERT INTO matches(id,competition_id,player_one_id,player_two_id,player_one_score,player_two_score) VALUES (25,5,12,9,5,4);

INSERT INTO rounds(id,match_id,player_one_throw_one,player_one_throw_two,player_one_throw_three,player_two_throw_one,player_two_throw_two,player_two_throw_three) VALUES (1,24,2,18,58,16,14,31);
INSERT INTO rounds(id,match_id,player_one_throw_one,player_one_throw_two,player_one_throw_three,player_two_throw_one,player_two_throw_two,player_two_throw_three) VALUES (2,4,29,18,4,38,53,4);
INSERT INTO rounds(id,match_id,player_one_throw_one,player_one_throw_two,player_one_throw_three,player_two_throw_one,player_two_throw_two,player_two_throw_three) VALUES (3,18,0,39,32,15,30,18);
INSERT INTO rounds(id,match_id,player_one_throw_one,player_one_throw_two,player_one_throw_three,player_two_throw_one,player_two_throw_two,player_two_throw_three) VALUES (4,17,20,3,45,48,12,17);
INSERT INTO rounds(id,match_id,player_one_throw_one,player_one_throw_two,player_one_throw_three,player_two_throw_one,player_two_throw_two,player_two_throw_three) VALUES (5,19,43,2,5,55,18,0);
INSERT INTO rounds(id,match_id,player_one_throw_one,player_one_throw_two,player_one_throw_three,player_two_throw_one,player_two_throw_two,player_two_throw_three) VALUES (6,19,45,40,60,30,39,46);
INSERT INTO rounds(id,match_id,player_one_throw_one,player_one_throw_two,player_one_throw_three,player_two_throw_one,player_two_throw_two,player_two_throw_three) VALUES (7,3,3,9,59,59,34,52);
INSERT INTO rounds(id,match_id,player_one_throw_one,player_one_throw_two,player_one_throw_three,player_two_throw_one,player_two_throw_two,player_two_throw_three) VALUES (8,23,27,47,34,15,32,5);
INSERT INTO rounds(id,match_id,player_one_throw_one,player_one_throw_two,player_one_throw_three,player_two_throw_one,player_two_throw_two,player_two_throw_three) VALUES (9,13,31,37,43,54,38,47);
INSERT INTO rounds(id,match_id,player_one_throw_one,player_one_throw_two,player_one_throw_three,player_two_throw_one,player_two_throw_two,player_two_throw_three) VALUES (10,19,26,34,55,34,9,44);
INSERT INTO rounds(id,match_id,player_one_throw_one,player_one_throw_two,player_one_throw_three,player_two_throw_one,player_two_throw_two,player_two_throw_three) VALUES (11,22,20,11,6,27,43,3);
INSERT INTO rounds(id,match_id,player_one_throw_one,player_one_throw_two,player_one_throw_three,player_two_throw_one,player_two_throw_two,player_two_throw_three) VALUES (12,10,8,12,44,59,13,44);
INSERT INTO rounds(id,match_id,player_one_throw_one,player_one_throw_two,player_one_throw_three,player_two_throw_one,player_two_throw_two,player_two_throw_three) VALUES (13,3,36,23,27,11,37,52);
INSERT INTO rounds(id,match_id,player_one_throw_one,player_one_throw_two,player_one_throw_three,player_two_throw_one,player_two_throw_two,player_two_throw_three) VALUES (14,14,21,15,11,43,43,42);
INSERT INTO rounds(id,match_id,player_one_throw_one,player_one_throw_two,player_one_throw_three,player_two_throw_one,player_two_throw_two,player_two_throw_three) VALUES (15,16,16,42,0,55,17,32);
INSERT INTO rounds(id,match_id,player_one_throw_one,player_one_throw_two,player_one_throw_three,player_two_throw_one,player_two_throw_two,player_two_throw_three) VALUES (16,23,18,14,14,56,35,21);
INSERT INTO rounds(id,match_id,player_one_throw_one,player_one_throw_two,player_one_throw_three,player_two_throw_one,player_two_throw_two,player_two_throw_three) VALUES (17,2,44,52,34,47,39,60);
INSERT INTO rounds(id,match_id,player_one_throw_one,player_one_throw_two,player_one_throw_three,player_two_throw_one,player_two_throw_two,player_two_throw_three) VALUES (18,2,44,3,21,9,22,36);
INSERT INTO rounds(id,match_id,player_one_throw_one,player_one_throw_two,player_one_throw_three,player_two_throw_one,player_two_throw_two,player_two_throw_three) VALUES (19,3,35,10,3,51,8,31);
INSERT INTO rounds(id,match_id,player_one_throw_one,player_one_throw_two,player_one_throw_three,player_two_throw_one,player_two_throw_two,player_two_throw_three) VALUES (20,15,20,0,29,34,4,49);
INSERT INTO rounds(id,match_id,player_one_throw_one,player_one_throw_two,player_one_throw_three,player_two_throw_one,player_two_throw_two,player_two_throw_three) VALUES (21,10,58,9,27,46,24,21);
INSERT INTO rounds(id,match_id,player_one_throw_one,player_one_throw_two,player_one_throw_three,player_two_throw_one,player_two_throw_two,player_two_throw_three) VALUES (22,20,27,11,58,35,52,48);
INSERT INTO rounds(id,match_id,player_one_throw_one,player_one_throw_two,player_one_throw_three,player_two_throw_one,player_two_throw_two,player_two_throw_three) VALUES (23,2,8,3,4,22,19,1);
INSERT INTO rounds(id,match_id,player_one_throw_one,player_one_throw_two,player_one_throw_three,player_two_throw_one,player_two_throw_two,player_two_throw_three) VALUES (24,4,8,3,19,56,15,0);
INSERT INTO rounds(id,match_id,player_one_throw_one,player_one_throw_two,player_one_throw_three,player_two_throw_one,player_two_throw_two,player_two_throw_three) VALUES (25,21,29,7,33,37,3,13);
INSERT INTO rounds(id,match_id,player_one_throw_one,player_one_throw_two,player_one_throw_three,player_two_throw_one,player_two_throw_two,player_two_throw_three) VALUES (26,23,36,47,27,32,20,53);
INSERT INTO rounds(id,match_id,player_one_throw_one,player_one_throw_two,player_one_throw_three,player_two_throw_one,player_two_throw_two,player_two_throw_three) VALUES (27,20,48,15,57,12,38,22);
INSERT INTO rounds(id,match_id,player_one_throw_one,player_one_throw_two,player_one_throw_three,player_two_throw_one,player_two_throw_two,player_two_throw_three) VALUES (28,10,44,16,25,3,57,16);
INSERT INTO rounds(id,match_id,player_one_throw_one,player_one_throw_two,player_one_throw_three,player_two_throw_one,player_two_throw_two,player_two_throw_three) VALUES (29,12,25,2,6,10,21,14);
INSERT INTO rounds(id,match_id,player_one_throw_one,player_one_throw_two,player_one_throw_three,player_two_throw_one,player_two_throw_two,player_two_throw_three) VALUES (30,2,48,30,36,20,7,56);
INSERT INTO rounds(id,match_id,player_one_throw_one,player_one_throw_two,player_one_throw_three,player_two_throw_one,player_two_throw_two,player_two_throw_three) VALUES (31,19,56,20,40,58,43,12);
INSERT INTO rounds(id,match_id,player_one_throw_one,player_one_throw_two,player_one_throw_three,player_two_throw_one,player_two_throw_two,player_two_throw_three) VALUES (32,3,27,17,13,47,1,57);
INSERT INTO rounds(id,match_id,player_one_throw_one,player_one_throw_two,player_one_throw_three,player_two_throw_one,player_two_throw_two,player_two_throw_three) VALUES (33,10,25,11,15,60,43,8);
INSERT INTO rounds(id,match_id,player_one_throw_one,player_one_throw_two,player_one_throw_three,player_two_throw_one,player_two_throw_two,player_two_throw_three) VALUES (34,2,2,48,27,24,51,49);
INSERT INTO rounds(id,match_id,player_one_throw_one,player_one_throw_two,player_one_throw_three,player_two_throw_one,player_two_throw_two,player_two_throw_three) VALUES (35,6,26,8,38,56,5,12);
INSERT INTO rounds(id,match_id,player_one_throw_one,player_one_throw_two,player_one_throw_three,player_two_throw_one,player_two_throw_two,player_two_throw_three) VALUES (36,22,42,56,58,28,38,46);
INSERT INTO rounds(id,match_id,player_one_throw_one,player_one_throw_two,player_one_throw_three,player_two_throw_one,player_two_throw_two,player_two_throw_three) VALUES (37,13,60,17,11,36,57,2);
INSERT INTO rounds(id,match_id,player_one_throw_one,player_one_throw_two,player_one_throw_three,player_two_throw_one,player_two_throw_two,player_two_throw_three) VALUES (38,25,9,39,1,51,54,14);
INSERT INTO rounds(id,match_id,player_one_throw_one,player_one_throw_two,player_one_throw_three,player_two_throw_one,player_two_throw_two,player_two_throw_three) VALUES (39,25,22,35,47,59,54,18);
INSERT INTO rounds(id,match_id,player_one_throw_one,player_one_throw_two,player_one_throw_three,player_two_throw_one,player_two_throw_two,player_two_throw_three) VALUES (40,11,33,1,51,5,8,44);
INSERT INTO rounds(id,match_id,player_one_throw_one,player_one_throw_two,player_one_throw_three,player_two_throw_one,player_two_throw_two,player_two_throw_three) VALUES (41,5,49,57,33,17,47,58);
INSERT INTO rounds(id,match_id,player_one_throw_one,player_one_throw_two,player_one_throw_three,player_two_throw_one,player_two_throw_two,player_two_throw_three) VALUES (42,19,8,51,5,52,32,26);
INSERT INTO rounds(id,match_id,player_one_throw_one,player_one_throw_two,player_one_throw_three,player_two_throw_one,player_two_throw_two,player_two_throw_three) VALUES (43,13,8,54,30,20,35,41);
INSERT INTO rounds(id,match_id,player_one_throw_one,player_one_throw_two,player_one_throw_three,player_two_throw_one,player_two_throw_two,player_two_throw_three) VALUES (44,16,23,24,22,14,60,52);
INSERT INTO rounds(id,match_id,player_one_throw_one,player_one_throw_two,player_one_throw_three,player_two_throw_one,player_two_throw_two,player_two_throw_three) VALUES (45,11,18,34,16,44,34,59);
INSERT INTO rounds(id,match_id,player_one_throw_one,player_one_throw_two,player_one_throw_three,player_two_throw_one,player_two_throw_two,player_two_throw_three) VALUES (46,18,19,31,58,58,9,26);
INSERT INTO rounds(id,match_id,player_one_throw_one,player_one_throw_two,player_one_throw_three,player_two_throw_one,player_two_throw_two,player_two_throw_three) VALUES (47,18,6,51,29,31,39,37);
INSERT INTO rounds(id,match_id,player_one_throw_one,player_one_throw_two,player_one_throw_three,player_two_throw_one,player_two_throw_two,player_two_throw_three) VALUES (48,25,46,32,34,60,22,2);
INSERT INTO rounds(id,match_id,player_one_throw_one,player_one_throw_two,player_one_throw_three,player_two_throw_one,player_two_throw_two,player_two_throw_three) VALUES (49,20,56,46,7,50,26,10);
INSERT INTO rounds(id,match_id,player_one_throw_one,player_one_throw_two,player_one_throw_three,player_two_throw_one,player_two_throw_two,player_two_throw_three) VALUES (50,25,60,10,41,2,46,12);
INSERT INTO rounds(id,match_id,player_one_throw_one,player_one_throw_two,player_one_throw_three,player_two_throw_one,player_two_throw_two,player_two_throw_three) VALUES (51,24,3,60,0,38,17,51);
INSERT INTO rounds(id,match_id,player_one_throw_one,player_one_throw_two,player_one_throw_three,player_two_throw_one,player_two_throw_two,player_two_throw_three) VALUES (52,20,58,54,52,14,27,1);
INSERT INTO rounds(id,match_id,player_one_throw_one,player_one_throw_two,player_one_throw_three,player_two_throw_one,player_two_throw_two,player_two_throw_three) VALUES (53,12,40,16,16,4,36,25);
INSERT INTO rounds(id,match_id,player_one_throw_one,player_one_throw_two,player_one_throw_three,player_two_throw_one,player_two_throw_two,player_two_throw_three) VALUES (54,11,29,49,40,46,39,8);
INSERT INTO rounds(id,match_id,player_one_throw_one,player_one_throw_two,player_one_throw_three,player_two_throw_one,player_two_throw_two,player_two_throw_three) VALUES (55,14,30,46,20,56,43,54);
INSERT INTO rounds(id,match_id,player_one_throw_one,player_one_throw_two,player_one_throw_three,player_two_throw_one,player_two_throw_two,player_two_throw_three) VALUES (56,23,20,6,8,13,49,43);
INSERT INTO rounds(id,match_id,player_one_throw_one,player_one_throw_two,player_one_throw_three,player_two_throw_one,player_two_throw_two,player_two_throw_three) VALUES (57,25,20,33,25,0,22,11);
INSERT INTO rounds(id,match_id,player_one_throw_one,player_one_throw_two,player_one_throw_three,player_two_throw_one,player_two_throw_two,player_two_throw_three) VALUES (58,16,44,59,21,35,3,32);
INSERT INTO rounds(id,match_id,player_one_throw_one,player_one_throw_two,player_one_throw_three,player_two_throw_one,player_two_throw_two,player_two_throw_three) VALUES (59,12,6,24,19,1,39,38);
INSERT INTO rounds(id,match_id,player_one_throw_one,player_one_throw_two,player_one_throw_three,player_two_throw_one,player_two_throw_two,player_two_throw_three) VALUES (60,14,40,33,11,10,60,0);
INSERT INTO rounds(id,match_id,player_one_throw_one,player_one_throw_two,player_one_throw_three,player_two_throw_one,player_two_throw_two,player_two_throw_three) VALUES (61,2,56,5,11,51,58,10);
INSERT INTO rounds(id,match_id,player_one_throw_one,player_one_throw_two,player_one_throw_three,player_two_throw_one,player_two_throw_two,player_two_throw_three) VALUES (62,14,20,46,41,12,16,15);
INSERT INTO rounds(id,match_id,player_one_throw_one,player_one_throw_two,player_one_throw_three,player_two_throw_one,player_two_throw_two,player_two_throw_three) VALUES (63,25,14,18,44,34,48,55);
INSERT INTO rounds(id,match_id,player_one_throw_one,player_one_throw_two,player_one_throw_three,player_two_throw_one,player_two_throw_two,player_two_throw_three) VALUES (64,7,10,60,4,59,37,52);
INSERT INTO rounds(id,match_id,player_one_throw_one,player_one_throw_two,player_one_throw_three,player_two_throw_one,player_two_throw_two,player_two_throw_three) VALUES (65,3,7,50,45,15,13,0);
INSERT INTO rounds(id,match_id,player_one_throw_one,player_one_throw_two,player_one_throw_three,player_two_throw_one,player_two_throw_two,player_two_throw_three) VALUES (66,21,15,2,7,8,60,49);
INSERT INTO rounds(id,match_id,player_one_throw_one,player_one_throw_two,player_one_throw_three,player_two_throw_one,player_two_throw_two,player_two_throw_three) VALUES (67,24,31,26,26,41,34,58);
INSERT INTO rounds(id,match_id,player_one_throw_one,player_one_throw_two,player_one_throw_three,player_two_throw_one,player_two_throw_two,player_two_throw_three) VALUES (68,20,18,45,22,9,6,19);
INSERT INTO rounds(id,match_id,player_one_throw_one,player_one_throw_two,player_one_throw_three,player_two_throw_one,player_two_throw_two,player_two_throw_three) VALUES (69,10,37,52,30,12,40,9);
INSERT INTO rounds(id,match_id,player_one_throw_one,player_one_throw_two,player_one_throw_three,player_two_throw_one,player_two_throw_two,player_two_throw_three) VALUES (70,13,20,45,14,18,9,22);
INSERT INTO rounds(id,match_id,player_one_throw_one,player_one_throw_two,player_one_throw_three,player_two_throw_one,player_two_throw_two,player_two_throw_three) VALUES (71,1,12,33,9,16,32,49);
INSERT INTO rounds(id,match_id,player_one_throw_one,player_one_throw_two,player_one_throw_three,player_two_throw_one,player_two_throw_two,player_two_throw_three) VALUES (72,19,46,59,13,47,58,26);
INSERT INTO rounds(id,match_id,player_one_throw_one,player_one_throw_two,player_one_throw_three,player_two_throw_one,player_two_throw_two,player_two_throw_three) VALUES (73,23,0,48,6,27,26,39);
INSERT INTO rounds(id,match_id,player_one_throw_one,player_one_throw_two,player_one_throw_three,player_two_throw_one,player_two_throw_two,player_two_throw_three) VALUES (74,11,30,35,55,27,48,57);
INSERT INTO rounds(id,match_id,player_one_throw_one,player_one_throw_two,player_one_throw_three,player_two_throw_one,player_two_throw_two,player_two_throw_three) VALUES (75,15,47,24,23,21,49,9);
INSERT INTO rounds(id,match_id,player_one_throw_one,player_one_throw_two,player_one_throw_three,player_two_throw_one,player_two_throw_two,player_two_throw_three) VALUES (76,1,45,21,53,7,19,34);
INSERT INTO rounds(id,match_id,player_one_throw_one,player_one_throw_two,player_one_throw_three,player_two_throw_one,player_two_throw_two,player_two_throw_three) VALUES (77,24,58,25,53,31,5,5);
INSERT INTO rounds(id,match_id,player_one_throw_one,player_one_throw_two,player_one_throw_three,player_two_throw_one,player_two_throw_two,player_two_throw_three) VALUES (78,22,39,11,33,12,11,56);
INSERT INTO rounds(id,match_id,player_one_throw_one,player_one_throw_two,player_one_throw_three,player_two_throw_one,player_two_throw_two,player_two_throw_three) VALUES (79,19,12,11,51,27,11,16);
INSERT INTO rounds(id,match_id,player_one_throw_one,player_one_throw_two,player_one_throw_three,player_two_throw_one,player_two_throw_two,player_two_throw_three) VALUES (80,8,40,27,9,6,48,39);
INSERT INTO rounds(id,match_id,player_one_throw_one,player_one_throw_two,player_one_throw_three,player_two_throw_one,player_two_throw_two,player_two_throw_three) VALUES (81,25,38,6,26,10,29,42);
INSERT INTO rounds(id,match_id,player_one_throw_one,player_one_throw_two,player_one_throw_three,player_two_throw_one,player_two_throw_two,player_two_throw_three) VALUES (82,13,36,33,9,14,5,52);
INSERT INTO rounds(id,match_id,player_one_throw_one,player_one_throw_two,player_one_throw_three,player_two_throw_one,player_two_throw_two,player_two_throw_three) VALUES (83,10,53,60,14,53,48,6);
INSERT INTO rounds(id,match_id,player_one_throw_one,player_one_throw_two,player_one_throw_three,player_two_throw_one,player_two_throw_two,player_two_throw_three) VALUES (84,23,18,28,24,44,39,26);
INSERT INTO rounds(id,match_id,player_one_throw_one,player_one_throw_two,player_one_throw_three,player_two_throw_one,player_two_throw_two,player_two_throw_three) VALUES (85,12,45,11,44,6,20,26);
INSERT INTO rounds(id,match_id,player_one_throw_one,player_one_throw_two,player_one_throw_three,player_two_throw_one,player_two_throw_two,player_two_throw_three) VALUES (86,14,38,29,59,31,23,37);
INSERT INTO rounds(id,match_id,player_one_throw_one,player_one_throw_two,player_one_throw_three,player_two_throw_one,player_two_throw_two,player_two_throw_three) VALUES (87,3,21,43,0,13,30,24);
INSERT INTO rounds(id,match_id,player_one_throw_one,player_one_throw_two,player_one_throw_three,player_two_throw_one,player_two_throw_two,player_two_throw_three) VALUES (88,16,47,13,30,49,12,1);
INSERT INTO rounds(id,match_id,player_one_throw_one,player_one_throw_two,player_one_throw_three,player_two_throw_one,player_two_throw_two,player_two_throw_three) VALUES (89,23,6,59,25,33,25,59);
INSERT INTO rounds(id,match_id,player_one_throw_one,player_one_throw_two,player_one_throw_three,player_two_throw_one,player_two_throw_two,player_two_throw_three) VALUES (90,1,59,8,32,54,58,44);
INSERT INTO rounds(id,match_id,player_one_throw_one,player_one_throw_two,player_one_throw_three,player_two_throw_one,player_two_throw_two,player_two_throw_three) VALUES (91,17,19,15,33,19,0,6);
INSERT INTO rounds(id,match_id,player_one_throw_one,player_one_throw_two,player_one_throw_three,player_two_throw_one,player_two_throw_two,player_two_throw_three) VALUES (92,21,41,34,14,11,43,30);
INSERT INTO rounds(id,match_id,player_one_throw_one,player_one_throw_two,player_one_throw_three,player_two_throw_one,player_two_throw_two,player_two_throw_three) VALUES (93,8,51,40,20,50,39,17);
INSERT INTO rounds(id,match_id,player_one_throw_one,player_one_throw_two,player_one_throw_three,player_two_throw_one,player_two_throw_two,player_two_throw_three) VALUES (94,21,6,45,55,30,33,21);
INSERT INTO rounds(id,match_id,player_one_throw_one,player_one_throw_two,player_one_throw_three,player_two_throw_one,player_two_throw_two,player_two_throw_three) VALUES (95,20,46,60,9,19,30,26);
INSERT INTO rounds(id,match_id,player_one_throw_one,player_one_throw_two,player_one_throw_three,player_two_throw_one,player_two_throw_two,player_two_throw_three) VALUES (96,25,10,21,39,37,5,25);
INSERT INTO rounds(id,match_id,player_one_throw_one,player_one_throw_two,player_one_throw_three,player_two_throw_one,player_two_throw_two,player_two_throw_three) VALUES (97,11,17,27,51,34,29,44);
INSERT INTO rounds(id,match_id,player_one_throw_one,player_one_throw_two,player_one_throw_three,player_two_throw_one,player_two_throw_two,player_two_throw_three) VALUES (98,13,18,49,58,23,39,43);
INSERT INTO rounds(id,match_id,player_one_throw_one,player_one_throw_two,player_one_throw_three,player_two_throw_one,player_two_throw_two,player_two_throw_three) VALUES (99,22,5,41,29,8,0,2);
INSERT INTO rounds(id,match_id,player_one_throw_one,player_one_throw_two,player_one_throw_three,player_two_throw_one,player_two_throw_two,player_two_throw_three) VALUES (100,24,15,58,6,36,49,48);